{"name":"adamhelsinger_food-nutrition-information","title":"Food Nutrition Information","description":"Nutritional information for raw fruits, vegetables, and seafood.\n\n*Fruit:*  \nRaw, edible weight portion. Percent Daily Values (%DV) are based on a 2,000 calorie diet.\\\n\n*Vegetables:*  \nRaw, edible weight portion. Percent Daily Values (%DV) are based on a 2,000 calorie diet.\n\n*Seafood:*  \nCooked (by moist or dry heat with no added ingredients), edible weight portion.\nPercent Daily Values (%DV) are based on a 2,000 calorie diet.\n\nSources:  \nhttps://www.fda.gov/Food/IngredientsPackagingLabeling/LabelingNutrition/ucm063367.htm  \nFruits: https://www.fda.gov/Food/IngredientsPackagingLabeling/LabelingNutrition/ucm063482.htm  \nVegetables: https://www.fda.gov/Food/IngredientsPackagingLabeling/LabelingNutrition/ucm114222.htm  \nSeafood: https://www.fda.gov/Food/IngredientsPackagingLabeling/LabelingNutrition/ucm114223.htm","homepage":"https://data.world/adamhelsinger/food-nutrition-information","resources":[{"name":"nutritionalfacts_fruit_vegetables_seafood","schema":{"fields":[{"name":"food_and_serving","title":"Food and Serving","type":"string","rdfType":"http://www.w3.org/2001/XMLSchema#string","dwSourceId":"food_and_serving"},{"name":"calories","title":"Calories","type":"integer","rdfType":"http://www.w3.org/2001/XMLSchema#integer","dwSourceId":"calories"},{"name":"caloriesefrom_fat","title":"CaloriesÊfrom Fat","type":"integer","rdfType":"http://www.w3.org/2001/XMLSchema#integer","dwSourceId":"caloriesefrom_fat"},{"name":"total_fat_g","title":"Total Fat (g)","type":"number","rdfType":"http://www.w3.org/2001/XMLSchema#decimal","dwSourceId":"total_fat_g"},{"name":"total_fat_dv","title":"Total Fat (%DV)","type":"integer","rdfType":"http://www.w3.org/2001/XMLSchema#integer","dwSourceId":"total_fat_dv"},{"name":"sodium_g","title":"Sodium (g)","type":"integer","rdfType":"http://www.w3.org/2001/XMLSchema#integer","dwSourceId":"sodium_g"},{"name":"sodium_dv","title":"Sodium (%DV)","type":"integer","rdfType":"http://www.w3.org/2001/XMLSchema#integer","dwSourceId":"sodium_dv"},{"name":"potassium_g","title":"Potassium (g)","type":"integer","rdfType":"http://www.w3.org/2001/XMLSchema#integer","dwSourceId":"potassium_g"},{"name":"potassium_dv","title":"Potassium (%DV)","type":"integer","rdfType":"http://www.w3.org/2001/XMLSchema#integer","dwSourceId":"potassium_dv"},{"name":"total_carbo_hydrate_g","title":"Total Carbo-hydrate (g)","type":"integer","rdfType":"http://www.w3.org/2001/XMLSchema#integer","dwSourceId":"total_carbo_hydrate_g"},{"name":"total_carbo_hydrate_dv","title":"Total Carbo-hydrate (%DV)","type":"integer","rdfType":"http://www.w3.org/2001/XMLSchema#integer","dwSourceId":"total_carbo_hydrate_dv"},{"name":"dietary_fiber_g","title":"Dietary Fiber (g)","type":"integer","rdfType":"http://www.w3.org/2001/XMLSchema#integer","dwSourceId":"dietary_fiber_g"},{"name":"dietary_fiber_dv","title":"Dietary Fiber (%DV)","type":"integer","rdfType":"http://www.w3.org/2001/XMLSchema#integer","dwSourceId":"dietary_fiber_dv"},{"name":"sugars_g","title":"Sugars (g)","type":"integer","rdfType":"http://www.w3.org/2001/XMLSchema#integer","dwSourceId":"sugars_g"},{"name":"protein_g","title":"Protein (g)","type":"integer","rdfType":"http://www.w3.org/2001/XMLSchema#integer","dwSourceId":"protein_g"},{"name":"vitamin_a_dv","title":"Vitamin A (%DV)","type":"integer","rdfType":"http://www.w3.org/2001/XMLSchema#integer","dwSourceId":"vitamin_a_dv"},{"name":"vitamin_c_dv","title":"Vitamin C (%DV)","type":"integer","rdfType":"http://www.w3.org/2001/XMLSchema#integer","dwSourceId":"vitamin_c_dv"},{"name":"calcium_dv","title":"Calcium (%DV)","type":"integer","rdfType":"http://www.w3.org/2001/XMLSchema#integer","dwSourceId":"calcium_dv"},{"name":"eeironee_dv","title":"ÊÊIronÊÊ (%DV)","type":"integer","rdfType":"http://www.w3.org/2001/XMLSchema#integer","dwSourceId":"eeironee_dv"},{"name":"saturated_fat_dv","title":"Saturated Fat (%DV)","type":"number","rdfType":"http://www.w3.org/2001/XMLSchema#decimal","dwSourceId":"saturated_fat_dv"},{"name":"saturated_fat_mg_e","title":"Saturated Fat (mg)Ê","type":"integer","rdfType":"http://www.w3.org/2001/XMLSchema#integer","dwSourceId":"saturated_fat_mg_e"},{"name":"chole_sterol_dv","title":"Chole-sterol (%DV)","type":"integer","rdfType":"http://www.w3.org/2001/XMLSchema#integer","dwSourceId":"chole_sterol_dv"},{"name":"chole_sterol_mg_e","title":"Chole-sterol (mg)Ê","type":"integer","rdfType":"http://www.w3.org/2001/XMLSchema#integer","dwSourceId":"chole_sterol_mg_e"},{"name":"food_type","title":"Food Type","type":"string","rdfType":"http://www.w3.org/2001/XMLSchema#string","dwSourceId":"food_type"}]},"path":"data/nutritionalfacts_fruit_vegetables_seafood.csv","format":"csv"},{"name":"original/NutritionalFacts_Fruit_Vegetables_Seafood.csv","path":"original/NutritionalFacts_Fruit_Vegetables_Seafood.csv","format":"csv","mediatype":"text/csv","bytes":8081}],"keywords":["nutrition","fruit","vegetable","seafood","health","calories","fat","sodium","potassium","carbohydrates","sugar","protein","iron","vitamins","vegetarian","vegan","pescatarian","paleo"]}